{"1uwjLeuKcuyk6wDL1JmciA==":"library-hero(3840x1240)-2000x646.png","vRN8yYOqhbtcjjTY985OGA==":"maincapsule-(616x353)-616x353.png","TvH6+a3HVqMyfvY6bWihWg==":"maincapsule-(616x353)-1-616x353.png","gMBry56VLVuQcAgPobt7dw==":"library-hero(3840x1240)-1-2000x646.png","8FE+Czspkx/Lm8qNrXwVZw==":"ai%20odyssey-1-1920x1080.png","N8ZNZjd9TwYxmNJL8XXKRg==":"ai%20odyssey_05_b-1920x1080.png","6Zy3fQ3XorRct1iw0Tivaw==":"library-logo(1280x720)-121x68.png","XJMEJnrR23sT/0xJKkAwcw==":"library-logo(1280x720)%20copy-2000x646.png","zpb+JFZ406+HfpaEgyDVtA==":"library-logo(1280x720)%20copy-2000x646.png","//x5f+43LM6cGMAhh0C5pw==":"aioddysey-3840x2160-noframe-2000x1125.png","q/XXS8Wrp61K0yUIHAanJw==":"ai-odyssey-4-1920x1080.png","kp1hs17HFibVPQM6UNikfA==":"ai-odyssey-3-1920x1080.png","6Y262M7j47Sq44Qv3D+fBg==":"ai-odyssey-2-1920x1080.png"}